{
    "schema": "circuitjson-toolkit.benchmark.v1",
    "packageVersion": "1.0.17",
    "provenance": {
        "sourceCommit": "8c9d7deb0229d7d7d8d2f7bdcd621933e88753f9",
        "sourceTree": "6740d0a6d8a1c0db3da7423c6595b8231d392f0d"
    },
    "environment": {
        "node": "v20.17.0",
        "platform": "darwin",
        "architecture": "arm64",
        "cpu": "Apple M3 Max",
        "logicalCpuCount": 16
    },
    "fixtureChecksum": "76b9f8d819bdff0c0a08080e9891c5a7f2717b8151c77eff836a1112027990a5",
    "cases": [
        {
            "id": "parse-context-50000",
            "primary": true,
            "warmups": 1,
            "samples": [
                171.108417, 161.834375, 180.357833, 157.400875, 161.204958
            ],
            "medianMilliseconds": 161.834375,
            "cloneBytes": 3527835,
            "retainedHeap": {
                "gcControlled": true,
                "beforeBytes": 18197616,
                "afterBytes": 18272744,
                "retainedBytes": 75128
            }
        },
        {
            "id": "repeated-query-hit-test",
            "primary": true,
            "warmups": 2,
            "samples": [
                77.069917, 79.607875, 83.753791, 81.963666, 75.808125,
                80.864541, 74.972041
            ],
            "medianMilliseconds": 79.607875,
            "cloneBytes": 27384,
            "retainedHeap": {
                "gcControlled": true,
                "beforeBytes": 18826296,
                "afterBytes": 18596920,
                "retainedBytes": 0
            }
        },
        {
            "id": "repeated-netlist-query",
            "primary": false,
            "warmups": 3,
            "samples": [
                1.305834, 0.937958, 0.868583, 0.876125, 0.860541, 0.860541,
                0.862875, 0.857709, 0.861916
            ],
            "medianMilliseconds": 0.862875,
            "cloneBytes": 158036,
            "retainedHeap": {
                "gcControlled": true,
                "beforeBytes": 18593792,
                "afterBytes": 18597264,
                "retainedBytes": 3472
            }
        },
        {
            "id": "multi-layer-render",
            "primary": false,
            "warmups": 2,
            "samples": [
                5.201833, 5.540625, 5.086625, 5.736667, 5.164083, 5.417084,
                5.913584
            ],
            "medianMilliseconds": 5.417084,
            "cloneBytes": 27384,
            "retainedHeap": {
                "gcControlled": true,
                "beforeBytes": 18637296,
                "afterBytes": 19113096,
                "retainedBytes": 475800
            }
        },
        {
            "id": "context-reuse",
            "primary": false,
            "warmups": 3,
            "samples": [
                0.466709, 0.433292, 0.431792, 0.443125, 0.451666, 0.43575,
                0.439208, 0.434375, 0.428667
            ],
            "medianMilliseconds": 0.43575,
            "cloneBytes": 193406,
            "retainedHeap": {
                "gcControlled": true,
                "beforeBytes": 18980544,
                "afterBytes": 18749184,
                "retainedBytes": 0
            }
        }
    ],
    "reportChecksum": "fe492f4df495f80e24ffc351a67cf4ee7be493d90278656c499f1a245ffc3c79"
}
